Time,Energy,cost
22.138669748932127,219.39197020783268,0.0050525297619047616
22.188380724584466,216.9860226306347,0.0052236904761904755
22.188470203737953,217.3562004948587,0.0051238095238095235
22.330425904084194,216.4172211934032,0.008913432539682539
22.34340810580365,217.20223705628283,0.005094583333333334
22.347845489807998,2148.5117990889967,0.005042946428571428
22.647103240739124,220.04853205931187,0.005044345238095238
22.804686188721888,215.02437769942034,0.00862724279976942
272.72606670436284,9362178.052538643,0.004908690476190476
