Time,Energy,cost
22.771935081958215,676.6057185627512,0.005993940134119261
22.85140158890992,1071.8212194645002,0.005674803229357358
23.056901529239965,238.60982821644524,0.006632619047619047
23.11800994048581,241.26656318432498,0.006045535714285714
23.24150964215512,239.6564822060632,0.0058943749999999994
23.382747266608835,239.65525781206932,0.0058943749999999994
23.637002022456983,234.9862733875641,0.005799866733755239
23.730439752580264,234.36745415057788,0.006611741733755238
